nb7	tnw_subseq_1	1
nb7	tnw_subseq_2	1
nb7	tnw_subseq_3	1
nb7	tnw_subseq_4	1
nb7	tnw_subseq_5	1
nb7	tnw_subseq_6	1
nb7	tnw_subseq_7	1
nb7	tnw_subseq_8	1
nb7	tnw_subseq_9	1
nb7	tnw_subseq_10	1
nb7	tnw_subseq_11	1
nb7	tnw_subseq_12	1
nb7	tnw_subseq_13	1
nb7	tnw_subseq_14	1
nb7	tnw_subseq_15	1
nb7	tnw_subseq_16	1
nb7	tnw_subseq_17	1
nb7	tnw_subseq_18	1
nb7	tnw_subseq_19	1
nb7	tnw_subseq_20	1
nb7	tnw_subseq_21	1
nb7	tnw_subseq_22	1
nb7	tnw_subseq_23	1
nb7	tnw_subseq_24	1
nb7	tnw_subseq_25	1
nb7	tnw_subseq_26	1
nb7	tnw_subseq_27	1
nb7	tnw_subseq_28	1
nb7	tnw_subseq_29	1
nb7	tnw_subseq_30	1
nb7	tnw_subseq_31	1
nb7	tnw_subseq_32	1
nb7	tnw_subseq_33	1
nb7	tnw_subseq_34	1
nb7	tnw_subseq_35	1
nb7	tnw_subseq_36	1
nb7	tnw_subseq_37	1
nb7	tnw_subseq_38	1
nb7	tnw_subseq_39	1
nb7	tnw_subseq_40	1
nb7	tnw_subseq_41	1
nb7	tnw_subseq_42	1
nb7	tnw_subseq_43	1
nb7	tnw_subseq_44	1
nb7	tnw_subseq_45	1
nb7	tnw_subseq_46	1
nb7	tnw_subseq_47	1
nb7	tnw_subseq_48	1
nb7	tnw_subseq_49	1
nb7	tnw_subseq_50	1
nb7	tnw_subseq_51	1
nb7	tnw_subseq_52	1
nb7	tnw_subseq_53	1
nb7	tnw_subseq_54	1
nb7	tnw_subseq_55	1
nb7	tnw_subseq_56	1
nb7	tnw_subseq_57	1
nb7	tnw_subseq_58	1
nb7	tnw_subseq_59	1
nb7	tnw_subseq_60	1
nb7	tnw_subseq_61	1
nb7	tnw_subseq_62	1
nb7	tnw_subseq_63	1
nb7	tnw_subseq_64	1
nb7	tnw_subseq_65	1
nb7	tnw_subseq_66	1
nb7	tnw_subseq_67	1
nb7	tnw_subseq_68	1
nb7	tnw_subseq_69	1
nb7	tnw_subseq_70	1
nb7	tnw_subseq_71	1
nb7	tnw_subseq_72	1
nb7	tnw_subseq_73	1
nb7	tnw_subseq_74	1
nb7	tnw_subseq_75	1
nb7	tnw_subseq_76	1
nb7	tnw_subseq_77	1
nb7	tnw_subseq_78	1
nb7	tnw_subseq_79	1
nb7	tnw_subseq_80	1
nb7	tnw_subseq_81	1
nb7	tnw_subseq_82	1
nb7	tnw_subseq_83	1
nb7	tnw_subseq_84	1
nb7	tnw_subseq_85	1
nb7	tnw_subseq_86	1
nb7	tnw_subseq_87	1
nb7	tnw_subseq_88	1
nb7	tnw_subseq_89	1
nb7	tnw_subseq_90	1
nb7	tnw_subseq_91	1
nb7	tnw_subseq_92	1
nb7	tnw_subseq_93	1
nb7	tnw_subseq_94	1
nb7	tnw_subseq_95	1
nb7	tnw_subseq_96	1
nb7	tnw_subseq_97	1
nb7	tnw_subseq_98	1
nb7	tnw_subseq_99	1
nb7	tnw_subseq_100	1
nb7	tnw_subseq_101	1
nb7	tnw_subseq_102	1
nb7	tnw_subseq_103	1
nb7	tnw_subseq_104	1
nb7	tnw_subseq_105	1
nb7	tnw_subseq_106	1
nb7	tnw_subseq_107	1
nb7	tnw_subseq_108	1
nb7	tnw_subseq_109	1
nb7	tnw_subseq_110	1
nb7	tnw_subseq_111	1
nb7	tnw_subseq_112	1
nb7	tnw_subseq_113	1
nb7	tnw_subseq_114	1
nb7	tnw_subseq_115	1
nb7	tnw_subseq_116	1
nb7	tnw_subseq_117	1
nb7	tnw_subseq_118	1
nb7	tnw_subseq_119	1
nb7	tnw_subseq_120	1
nb7	tnw_subseq_121	1
nb7	tnw_subseq_122	1
nb7	tnw_subseq_123	1
nb7	tnw_subseq_124	1
nb7	tnw_subseq_125	1
nb7	tnw_subseq_126	1
nb7	tnw_subseq_127	1
nb7	tnw_subseq_128	1
nb7	tnw_subseq_129	1
nb7	tnw_subseq_130	1
nb7	tnw_subseq_131	1
nb7	tnw_subseq_132	1
nb7	tnw_subseq_133	1
nb7	tnw_subseq_134	1
nb7	tnw_subseq_135	1
nb7	tnw_subseq_136	1
nb7	tnw_subseq_137	1
nb7	tnw_subseq_138	1
nb7	tnw_subseq_139	1
nb7	tnw_subseq_140	1
nb7	tnw_subseq_141	1
nb7	tnw_subseq_142	1
nb7	tnw_subseq_143	1
nb7	tnw_subseq_144	1
nb7	tnw_subseq_145	1
nb7	tnw_subseq_146	1
nb7	tnw_subseq_147	1
nb7	tnw_subseq_148	1
nb7	tnw_subseq_149	1
nb7	tnw_subseq_150	1
nb7	tnw_subseq_151	1
nb7	tnw_subseq_152	1
nb7	tnw_subseq_153	1
nb7	tnw_subseq_154	1
nb7	tnw_subseq_155	1
nb7	tnw_subseq_156	1
nb7	tnw_subseq_157	1
nb7	tnw_subseq_158	1
nb7	tnw_subseq_159	1
nb7	tnw_subseq_160	1
nb7	tnw_subseq_161	1
nb7	tnw_subseq_162	1
nb7	tnw_subseq_163	1
nb7	tnw_subseq_164	1
nb7	tnw_subseq_165	1
nb7	tnw_subseq_166	1
nb7	tnw_subseq_167	1
nb7	tnw_subseq_168	1
nb7	tnw_subseq_169	1
nb7	tnw_subseq_170	1
nb7	tnw_subseq_171	1
nb7	tnw_subseq_172	1
nb7	tnw_subseq_173	1
nb7	tnw_subseq_174	1
nb7	tnw_subseq_175	1
nb7	tnw_subseq_176	1
nb7	tnw_subseq_177	1
nb7	tnw_subseq_178	1
nb7	tnw_subseq_179	1
nb7	tnw_subseq_180	1
nb7	tnw_subseq_181	1
nb7	tnw_subseq_182	1
nb7	tnw_subseq_183	1
nb7	tnw_subseq_184	1
nb7	tnw_subseq_185	1
nb7	tnw_subseq_186	1
nb7	tnw_subseq_187	1
nb7	tnw_subseq_188	1
nb7	tnw_subseq_189	1
nb7	tnw_subseq_190	1
nb7	tnw_subseq_191	1
nb7	tnw_subseq_192	1
nb7	tnw_subseq_193	1
nb7	tnw_subseq_194	1
nb7	tnw_subseq_195	1
nb7	tnw_subseq_196	1
nb7	tnw_subseq_197	1
nb7	tnw_subseq_198	1
nb7	tnw_subseq_199	1
nb7	tnw_subseq_200	1
nb7	tnw_subseq_201	1
nb7	tnw_subseq_202	1
nb7	tnw_subseq_203	1
nb7	tnw_subseq_204	1
nb7	tnw_subseq_205	1
nb7	tnw_subseq_206	1
nb7	tnw_subseq_207	1
nb7	tnw_subseq_208	1
nb7	tnw_subseq_209	1
nb7	tnw_subseq_210	1
nb7	tnw_subseq_211	1
nb7	tnw_subseq_212	1
nb7	tnw_subseq_213	1
nb7	tnw_subseq_214	1
nb7	tnw_subseq_215	1
nb7	tnw_subseq_216	1
nb7	tnw_subseq_217	1
nb7	tnw_subseq_218	1
nb7	tnw_subseq_219	1
nb7	tnw_subseq_220	1
nb7	tnw_subseq_221	1
nb7	tnw_subseq_222	1
nb7	tnw_subseq_223	1
nb7	tnw_subseq_224	1
nb7	tnw_subseq_225	1
nb7	tnw_subseq_226	1
nb7	tnw_subseq_227	1
nb7	tnw_subseq_228	1
nb7	tnw_subseq_229	1
nb7	tnw_subseq_230	1
nb7	tnw_subseq_231	1
nb7	tnw_subseq_232	1
nb7	tnw_subseq_233	1
nb7	tnw_subseq_234	1
nb7	tnw_subseq_235	1
nb7	tnw_subseq_236	1
nb7	tnw_subseq_237	1
nb7	tnw_subseq_238	1
nb7	tnw_subseq_239	1
nb7	tnw_subseq_240	1
nb7	tnw_subseq_241	1
nb7	tnw_subseq_242	1
nb7	tnw_subseq_243	1
nb7	tnw_subseq_244	1
nb7	tnw_subseq_245	1
nb7	tnw_subseq_246	1
nb7	tnw_subseq_247	1
nb7	tnw_subseq_248	1
nb7	tnw_subseq_249	1
nb7	tnw_subseq_250	1
nb7	tnw_subseq_251	1
nb7	tnw_subseq_252	1
nb7	tnw_subseq_253	1
nb7	tnw_subseq_254	1
nb7	tnw_subseq_255	1
nb7	tnw_subseq_256	1
nb7	tnw_subseq_257	1
nb7	tnw_subseq_258	1
nb7	tnw_subseq_259	1
nb7	tnw_subseq_260	1
nb7	tnw_subseq_261	1
nb7	tnw_subseq_262	1
nb7	tnw_subseq_263	1
nb7	tnw_subseq_264	1
nb7	tnw_subseq_265	1
nb7	tnw_subseq_266	1
nb7	tnw_subseq_267	1
nb7	tnw_subseq_268	1
nb7	tnw_subseq_269	1
nb7	tnw_subseq_270	1
nb7	tnw_subseq_271	1
nb7	tnw_subseq_272	1
nb7	tnw_subseq_273	1
nb7	tnw_subseq_274	1
nb7	tnw_subseq_275	1
nb7	tnw_subseq_276	1
nb7	tnw_subseq_277	1
nb7	tnw_subseq_278	1
nb7	tnw_subseq_279	1
nb7	tnw_subseq_280	1
nb7	tnw_subseq_281	1
nb7	tnw_subseq_282	1
nb7	tnw_subseq_283	1
nb7	tnw_subseq_284	1
nb7	tnw_subseq_285	1
nb7	tnw_subseq_286	1
nb7	tnw_subseq_287	1
nb7	tnw_subseq_288	1
nb7	tnw_subseq_289	1
nb7	tnw_subseq_290	1
nb7	tnw_subseq_291	1
nb7	tnw_subseq_292	1
nb7	tnw_subseq_293	1
nb7	tnw_subseq_294	1
nb7	tnw_subseq_295	1
nb7	tnw_subseq_296	1
nb7	tnw_subseq_297	1
nb7	tnw_subseq_298	1
nb7	tnw_subseq_299	1
nb7	tnw_subseq_300	1
nb7	tnw_subseq_301	1
nb7	tnw_subseq_302	1
nb7	tnw_subseq_303	1
nb7	tnw_subseq_304	1
nb7	tnw_subseq_305	1
nb7	tnw_subseq_306	1
nb7	tnw_subseq_307	1
nb7	tnw_subseq_308	1
nb7	tnw_subseq_309	1
nb7	tnw_subseq_310	1
nb7	tnw_subseq_311	1
nb7	tnw_subseq_312	1
nb7	tnw_subseq_313	1
nb7	tnw_subseq_314	1
nb7	tnw_subseq_315	1
nb7	tnw_subseq_316	1
nb7	tnw_subseq_317	1
nb7	tnw_subseq_318	1
nb7	tnw_subseq_319	1
nb7	tnw_subseq_320	1
nb7	tnw_subseq_321	1
nb7	tnw_subseq_322	1
nb7	tnw_subseq_323	1
nb7	tnw_subseq_324	1
nb7	tnw_subseq_325	1
nb7	tnw_subseq_326	1
nb7	tnw_subseq_327	1
nb7	tnw_subseq_328	1
nb7	tnw_subseq_329	1
nb7	tnw_subseq_330	1
nb7	tnw_subseq_331	1
nb7	tnw_subseq_332	1
nb7	tnw_subseq_333	1
nb7	tnw_subseq_334	1
nb7	tnw_subseq_335	1
nb7	tnw_subseq_336	1
nb7	tnw_subseq_337	1
nb7	tnw_subseq_338	1
nb7	tnw_subseq_339	1
nb7	tnw_subseq_340	1
nb7	tnw_subseq_341	1
nb7	tnw_subseq_342	1
nb7	tnw_subseq_343	1
nb7	tnw_subseq_344	1
nb7	tnw_subseq_345	1
nb7	tnw_subseq_346	1
nb7	tnw_subseq_347	1
nb7	tnw_subseq_348	1
nb7	tnw_subseq_349	1
nb7	tnw_subseq_350	1
nb7	tnw_subseq_351	1
nb7	tnw_subseq_352	1
nb7	tnw_subseq_353	1
nb7	tnw_subseq_354	1
nb7	tnw_subseq_355	1
nb7	tnw_subseq_356	1
nb7	tnw_subseq_357	1
nb7	tnw_subseq_358	1
nb7	tnw_subseq_359	1
nb7	tnw_subseq_360	1
nb7	tnw_subseq_361	1
nb7	tnw_subseq_362	1
nb7	tnw_subseq_363	1
nb7	tnw_subseq_364	1
nb7	tnw_subseq_365	1
nb7	tnw_subseq_366	1
nb7	tnw_subseq_367	1
nb7	tnw_subseq_368	1
nb7	tnw_subseq_369	1
nb7	tnw_subseq_370	1
nb7	tnw_subseq_371	1
nb7	tnw_subseq_372	1
nb7	tnw_subseq_373	1
nb7	tnw_subseq_374	1
nb7	tnw_subseq_375	1
nb7	tnw_subseq_376	1
nb7	tnw_subseq_377	1
nb7	tnw_subseq_378	1
nb7	tnw_subseq_379	1
nb7	tnw_subseq_380	1
nb7	tnw_subseq_381	1
nb7	tnw_subseq_382	1
nb7	tnw_subseq_383	1
nb7	tnw_subseq_384	1
nb7	tnw_subseq_385	1
nb7	tnw_subseq_386	1
nb7	tnw_subseq_387	1
nb7	tnw_subseq_388	1
nb7	tnw_subseq_389	1
nb7	tnw_subseq_390	1
nb7	tnw_subseq_391	1
nb7	tnw_subseq_392	1
nb7	tnw_subseq_393	1
nb7	tnw_subseq_394	1
nb7	tnw_subseq_395	1
nb7	tnw_subseq_396	1
nb7	tnw_subseq_397	1
nb7	tnw_subseq_398	1
nb7	tnw_subseq_399	1
nb7	tnw_subseq_400	1
nb7	tnw_subseq_401	1
nb7	tnw_subseq_402	1
nb7	tnw_subseq_403	1
nb7	tnw_subseq_404	1
nb7	tnw_subseq_405	1
nb7	tnw_subseq_406	1
nb7	tnw_subseq_407	1
nb7	tnw_subseq_408	1
nb7	tnw_subseq_409	1
nb7	tnw_subseq_410	1
nb7	tnw_subseq_411	1
nb7	tnw_subseq_412	1
nb7	tnw_subseq_413	1
nb7	tnw_subseq_414	1
nb7	tnw_subseq_415	1
nb7	tnw_subseq_416	1
nb7	tnw_subseq_417	1
nb7	tnw_subseq_418	1
nb7	tnw_subseq_419	1
nb7	tnw_subseq_420	1
nb7	tnw_subseq_421	1
nb7	tnw_subseq_422	1
nb7	tnw_subseq_423	1
nb7	tnw_subseq_424	1
nb7	tnw_subseq_425	1
nb7	tnw_subseq_426	1
nb7	tnw_subseq_427	1
nb7	tnw_subseq_428	1
nb7	tnw_subseq_429	1
nb7	tnw_subseq_430	1
nb7	tnw_subseq_431	1
nb7	tnw_subseq_432	1
nb7	tnw_subseq_433	1
nb7	tnw_subseq_434	1
nb7	tnw_subseq_435	1
nb7	tnw_subseq_436	1
nb7	tnw_subseq_437	1
nb7	tnw_subseq_438	1
nb7	tnw_subseq_439	1
nb7	tnw_subseq_440	1
nb7	tnw_subseq_441	1
nb7	tnw_subseq_442	1
nb7	tnw_subseq_443	1
nb7	tnw_subseq_444	1
nb7	tnw_subseq_445	1
nb7	tnw_subseq_446	1
nb7	tnw_subseq_447	1
nb7	tnw_subseq_448	1
nb7	tnw_subseq_449	1
nb7	tnw_subseq_450	1
nb7	tnw_subseq_451	1
nb7	tnw_subseq_452	1
nb7	tnw_subseq_453	1
nb7	tnw_subseq_454	1
nb7	tnw_subseq_455	1
nb7	tnw_subseq_456	1
nb7	tnw_subseq_457	1
nb7	tnw_subseq_458	1
nb7	tnw_subseq_459	1
nb7	tnw_subseq_460	1
nb7	tnw_subseq_461	1
nb7	tnw_subseq_462	1
nb7	tnw_subseq_463	1
nb7	tnw_subseq_464	1
nb7	tnw_subseq_465	1
nb7	tnw_subseq_466	1
nb7	tnw_subseq_467	1
nb7	tnw_subseq_468	1
nb7	tnw_subseq_469	1
nb7	tnw_subseq_470	1
nb7	tnw_subseq_471	1
nb7	tnw_subseq_472	1
nb7	tnw_subseq_473	1
nb7	tnw_subseq_474	1
nb7	tnw_subseq_475	1
nb7	tnw_subseq_476	1
nb7	tnw_subseq_477	1
nb7	tnw_subseq_478	1
nb7	tnw_subseq_479	1
nb7	tnw_subseq_480	1
nb7	tnw_subseq_481	1
nb7	tnw_subseq_482	1
nb7	tnw_subseq_483	1
nb7	tnw_subseq_484	1
nb7	tnw_subseq_485	1
nb7	tnw_subseq_486	1
nb7	tnw_subseq_487	1
nb7	tnw_subseq_488	1
nb7	tnw_subseq_489	1
nb7	tnw_subseq_490	1
nb7	tnw_subseq_491	1
nb7	tnw_subseq_492	1
nb7	tnw_subseq_493	1
nb7	tnw_subseq_494	1
nb7	tnw_subseq_495	1
nb7	tnw_subseq_496	1
nb7	tnw_subseq_497	1
nb7	tnw_subseq_498	1
nb7	tnw_subseq_499	1
nb7	tnw_subseq_500	1
nb7	tnw_subseq_501	1
nb7	tnw_subseq_502	1
nb7	tnw_subseq_503	1
nb7	tnw_subseq_504	1
nb7	tnw_subseq_505	1
nb7	tnw_subseq_506	1
nb7	tnw_subseq_507	1
nb7	tnw_subseq_508	1
nb7	tnw_subseq_509	1
nb7	tnw_subseq_510	1
nb7	tnw_subseq_511	1
nb7	tnw_subseq_512	1
nb7	tnw_subseq_513	1
nb7	tnw_subseq_514	1
nb7	tnw_subseq_515	1
nb7	tnw_subseq_516	1
nb7	tnw_subseq_517	1
nb7	tnw_subseq_518	1
nb7	tnw_subseq_519	1
nb7	tnw_subseq_520	1
nb7	tnw_subseq_521	1
nb7	tnw_subseq_522	1
nb7	tnw_subseq_523	1
nb7	tnw_subseq_524	1
nb7	tnw_subseq_525	1
nb7	tnw_subseq_526	1
nb7	tnw_subseq_527	1
nb7	tnw_subseq_528	1
nb7	tnw_subseq_529	1
nb7	tnw_subseq_530	1
nb7	tnw_subseq_531	1
nb7	tnw_subseq_532	1
nb7	tnw_subseq_533	1
nb7	tnw_subseq_534	1
nb7	tnw_subseq_535	1
nb7	tnw_subseq_536	1
nb7	tnw_subseq_537	1
nb7	tnw_subseq_538	1
nb7	tnw_subseq_539	1
nb7	tnw_subseq_540	1
nb7	tnw_subseq_541	1
nb7	tnw_subseq_542	1
nb7	tnw_subseq_543	1
nb7	tnw_subseq_544	1
nb7	tnw_subseq_545	1
nb7	tnw_subseq_546	1
nb7	tnw_subseq_547	1
nb7	tnw_subseq_548	1
nb7	tnw_subseq_549	1
nb7	tnw_subseq_550	1
nb7	tnw_subseq_551	1
nb7	tnw_subseq_552	1
nb7	tnw_subseq_553	1
nb7	tnw_subseq_554	1
nb7	tnw_subseq_555	1
nb7	tnw_subseq_556	1
nb7	tnw_subseq_557	1
nb7	tnw_subseq_558	1
nb7	tnw_subseq_559	1
nb7	tnw_subseq_560	1
nb7	tnw_subseq_561	1
nb7	tnw_subseq_562	1
nb7	tnw_subseq_563	1
nb7	tnw_subseq_564	1
nb7	tnw_subseq_565	1
nb7	tnw_subseq_566	1
nb7	tnw_subseq_567	1
nb7	tnw_subseq_568	1
nb7	tnw_subseq_569	1
nb7	tnw_subseq_570	1
nb7	tnw_subseq_571	1
nb7	tnw_subseq_572	1
nb7	tnw_subseq_573	1
nb7	tnw_subseq_574	1
nb7	tnw_subseq_575	1
nb7	tnw_subseq_576	1
nb7	tnw_subseq_577	1
nb7	tnw_subseq_578	1
nb7	tnw_subseq_579	1
nb7	tnw_subseq_580	1
nb7	tnw_subseq_581	1
nb7	tnw_subseq_582	1
nb7	tnw_subseq_583	1
nb7	tnw_subseq_584	1
nb7	tnw_subseq_585	1
nb7	tnw_subseq_586	1
nb7	tnw_subseq_587	1
nb7	tnw_subseq_588	1
nb7	tnw_subseq_589	1
nb7	tnw_subseq_590	1
nb7	tnw_subseq_591	1
nb7	tnw_subseq_592	1
nb7	tnw_subseq_593	1
nb7	tnw_subseq_594	1
nb7	tnw_subseq_595	1
nb7	tnw_subseq_596	1
nb7	tnw_subseq_597	1
nb7	tnw_subseq_598	1
nb7	tnw_subseq_599	1
nb7	tnw_subseq_600	1
nb7	tnw_subseq_601	1
nb7	tnw_subseq_602	1
nb7	tnw_subseq_603	1
nb7	tnw_subseq_604	1
nb7	tnw_subseq_605	1
nb7	tnw_subseq_606	1
nb7	tnw_subseq_607	1
nb7	tnw_subseq_608	1
nb7	tnw_subseq_609	1
nb7	tnw_subseq_610	1
nb7	tnw_subseq_611	1
nb7	tnw_subseq_612	1
nb7	tnw_subseq_613	1
nb7	tnw_subseq_614	1
nb7	tnw_subseq_615	1
nb7	tnw_subseq_616	1
nb7	tnw_subseq_617	1
nb7	tnw_subseq_618	1
nb7	tnw_subseq_619	1
nb7	tnw_subseq_620	1
nb7	tnw_subseq_621	1
nb7	tnw_subseq_622	1
nb7	tnw_subseq_623	1
nb7	tnw_subseq_624	1
nb7	tnw_subseq_625	1
nb7	tnw_subseq_626	1
nb7	tnw_subseq_627	1
nb7	tnw_subseq_628	1
nb7	tnw_subseq_629	1
nb7	tnw_subseq_630	1
nb7	tnw_subseq_631	1
nb7	tnw_subseq_632	1
nb7	tnw_subseq_633	1
nb7	tnw_subseq_634	1
nb7	tnw_subseq_635	1
nb7	tnw_subseq_636	1
nb7	tnw_subseq_637	1
nb7	tnw_subseq_638	1
nb7	tnw_subseq_639	1
nb7	tnw_subseq_640	1
nb7	tnw_subseq_641	1
nb7	tnw_subseq_642	1
nb7	tnw_subseq_643	1
nb7	tnw_subseq_644	1
nb7	tnw_subseq_645	1
nb7	tnw_subseq_646	1
nb7	tnw_subseq_647	1
nb7	tnw_subseq_648	1
nb7	tnw_subseq_649	1
nb7	tnw_subseq_650	1
nb7	tnw_subseq_651	1
nb7	tnw_subseq_652	1
nb7	tnw_subseq_653	1
nb7	tnw_subseq_654	1
nb7	tnw_subseq_655	1
nb7	tnw_subseq_656	1
nb7	tnw_subseq_657	1
nb7	tnw_subseq_658	1
nb7	tnw_subseq_659	1
nb7	tnw_subseq_660	1
nb7	tnw_subseq_661	1
nb7	tnw_subseq_662	1
nb7	tnw_subseq_663	1
nb7	tnw_subseq_664	1
nb7	tnw_subseq_665	1
nb7	tnw_subseq_666	1
nb7	tnw_subseq_667	1
nb7	tnw_subseq_668	1
nb7	tnw_subseq_669	1
nb7	tnw_subseq_670	1
nb7	tnw_subseq_671	1
nb7	tnw_subseq_672	1
nb7	tnw_subseq_673	1
nb7	tnw_subseq_674	1
nb7	tnw_subseq_675	1
nb7	tnw_subseq_676	1
nb7	tnw_subseq_677	1
nb7	tnw_subseq_678	1
nb7	tnw_subseq_679	1
nb7	tnw_subseq_680	1
nb7	tnw_subseq_681	1
nb7	tnw_subseq_682	1
nb7	tnw_subseq_683	1
nb7	tnw_subseq_684	1
nb7	tnw_subseq_685	1
nb7	tnw_subseq_686	1
nb7	tnw_subseq_687	1
nb7	tnw_subseq_688	1
nb7	tnw_subseq_689	1
nb7	tnw_subseq_690	1
nb7	tnw_subseq_691	1
nb7	tnw_subseq_692	1
nb7	tnw_subseq_693	1
nb7	tnw_subseq_694	1
nb7	tnw_subseq_695	1
nb7	tnw_subseq_696	1
nb7	tnw_subseq_697	1
nb7	tnw_subseq_698	1
nb7	tnw_subseq_699	1
nb7	tnw_subseq_700	1
nb7	tnw_subseq_701	1
nb7	tnw_subseq_702	1
nb7	tnw_subseq_703	1
nb7	tnw_subseq_704	1
nb7	tnw_subseq_705	1
nb7	tnw_subseq_706	1
nb7	tnw_subseq_707	1
nb7	tnw_subseq_708	1
nb7	tnw_subseq_709	1
nb7	tnw_subseq_710	1
nb7	tnw_subseq_711	1
nb7	tnw_subseq_712	1
nb7	tnw_subseq_713	1
nb7	tnw_subseq_714	1
nb7	tnw_subseq_715	1
nb7	tnw_subseq_716	1
nb7	tnw_subseq_717	1
nb7	tnw_subseq_718	1
nb7	tnw_subseq_719	1
nb7	tnw_subseq_720	1
nb7	tnw_subseq_721	1
nb7	tnw_subseq_722	1
nb7	tnw_subseq_723	1
nb7	tnw_subseq_724	1
nb7	tnw_subseq_725	1
nb7	tnw_subseq_726	1
nb7	tnw_subseq_727	1
nb7	tnw_subseq_728	1
nb7	tnw_subseq_729	1
nb7	tnw_subseq_730	1
nb7	tnw_subseq_731	1
nb7	tnw_subseq_732	1
nb7	tnw_subseq_733	1
nb7	tnw_subseq_734	1
nb7	tnw_subseq_735	1
nb7	tnw_subseq_736	1
nb7	tnw_subseq_737	1
nb7	tnw_subseq_738	1
nb7	tnw_subseq_739	1
nb7	tnw_subseq_740	1
nb7	tnw_subseq_741	1
nb7	tnw_subseq_742	1
nb7	tnw_subseq_743	1
nb7	tnw_subseq_744	1
nb7	tnw_subseq_745	1
nb7	tnw_subseq_746	1
nb7	tnw_subseq_747	1
nb7	tnw_subseq_748	1
nb7	tnw_subseq_749	1
nb7	tnw_subseq_750	1
nb7	tnw_subseq_751	1
nb7	tnw_subseq_752	1
nb7	tnw_subseq_753	1
nb7	tnw_subseq_754	1
nb7	tnw_subseq_755	1
nb7	tnw_subseq_756	1
nb7	tnw_subseq_757	1
nb7	tnw_subseq_758	1
nb7	tnw_subseq_759	1
nb7	tnw_subseq_760	1
nb7	tnw_subseq_761	1
nb7	tnw_subseq_762	1
nb7	tnw_subseq_763	1
nb7	tnw_subseq_764	1
nb7	tnw_subseq_765	1
nb7	tnw_subseq_766	1
nb7	tnw_subseq_767	1
nb7	tnw_subseq_768	1
nb7	tnw_subseq_769	1
nb7	tnw_subseq_770	1
nb7	tnw_subseq_771	1
nb7	tnw_subseq_772	1
nb7	tnw_subseq_773	1
nb7	tnw_subseq_774	1
nb7	tnw_subseq_775	1
nb7	tnw_subseq_776	1
nb7	tnw_subseq_777	1
nb7	tnw_subseq_778	1
nb7	tnw_subseq_779	1
nb7	tnw_subseq_780	1
nb7	tnw_subseq_781	1
nb7	tnw_subseq_782	1
nb7	tnw_subseq_783	1
nb7	tnw_subseq_784	1
nb7	tnw_subseq_785	1
nb7	tnw_subseq_786	1
nb7	tnw_subseq_787	1
nb7	tnw_subseq_788	1
nb7	tnw_subseq_789	1
nb7	tnw_subseq_790	1
nb7	tnw_subseq_791	1
nb7	tnw_subseq_792	1
nb7	tnw_subseq_793	1
nb7	tnw_subseq_794	1
nb7	tnw_subseq_795	1
nb7	tnw_subseq_796	1
nb7	tnw_subseq_797	1
nb7	tnw_subseq_798	1
nb7	tnw_subseq_799	1
nb7	tnw_subseq_800	1
nb7	tnw_subseq_801	1
nb7	tnw_subseq_802	1
nb7	tnw_subseq_803	1
nb7	tnw_subseq_804	1
nb7	tnw_subseq_805	1
nb7	tnw_subseq_806	1
nb7	tnw_subseq_807	1
nb7	tnw_subseq_808	1
nb7	tnw_subseq_809	1
nb7	tnw_subseq_810	1
nb7	tnw_subseq_811	1
nb7	tnw_subseq_812	1
nb7	tnw_subseq_813	1
nb7	tnw_subseq_814	1
nb7	tnw_subseq_815	1
nb7	tnw_subseq_816	1
nb7	tnw_subseq_817	1
nb7	tnw_subseq_818	1
nb7	tnw_subseq_819	1
nb7	tnw_subseq_820	1
nb7	tnw_subseq_821	1
nb7	tnw_subseq_822	1
nb7	tnw_subseq_823	1
nb7	tnw_subseq_824	1
nb7	tnw_subseq_825	1
nb7	tnw_subseq_826	1
nb7	tnw_subseq_827	1
nb7	tnw_subseq_828	1
nb7	tnw_subseq_829	1
nb7	tnw_subseq_830	1
nb7	tnw_subseq_831	1
nb7	tnw_subseq_832	1
nb7	tnw_subseq_833	1
nb7	tnw_subseq_834	1
nb7	tnw_subseq_835	1
nb7	tnw_subseq_836	1
nb7	tnw_subseq_837	1
nb7	tnw_subseq_838	1
nb7	tnw_subseq_839	1
nb7	tnw_subseq_840	1
nb7	tnw_subseq_841	1
nb7	tnw_subseq_842	1
nb7	tnw_subseq_843	1
nb7	tnw_subseq_844	1
nb7	tnw_subseq_845	1
nb7	tnw_subseq_846	1
nb7	tnw_subseq_847	1
nb7	tnw_subseq_848	1
nb7	tnw_subseq_849	1
nb7	tnw_subseq_850	1
nb7	tnw_subseq_851	1
nb7	tnw_subseq_852	1
nb7	tnw_subseq_853	1
nb7	tnw_subseq_854	1
nb7	tnw_subseq_855	1
nb7	tnw_subseq_856	1
nb7	tnw_subseq_857	1
nb7	tnw_subseq_858	1
nb7	tnw_subseq_859	1
nb7	tnw_subseq_860	1
nb7	tnw_subseq_861	1
nb7	tnw_subseq_862	1
nb7	tnw_subseq_863	1
nb7	tnw_subseq_864	1
nb7	tnw_subseq_865	1
nb7	tnw_subseq_866	1
nb7	tnw_subseq_867	1
nb7	tnw_subseq_868	1
nb7	tnw_subseq_869	1
nb7	tnw_subseq_870	1
nb7	tnw_subseq_871	1
nb7	tnw_subseq_872	1
nb7	tnw_subseq_873	1
nb7	tnw_subseq_874	1
nb7	tnw_subseq_875	1
nb7	tnw_subseq_876	1
nb7	tnw_subseq_877	1
nb7	tnw_subseq_878	1
nb7	tnw_subseq_879	1
nb7	tnw_subseq_880	1
nb7	tnw_subseq_881	1
nb7	tnw_subseq_882	1
nb7	tnw_subseq_883	1
nb7	tnw_subseq_884	1
nb7	tnw_subseq_885	1
nb7	tnw_subseq_886	1
nb7	tnw_subseq_887	1
nb7	tnw_subseq_888	1
nb7	tnw_subseq_889	1
nb7	tnw_subseq_890	1
nb7	tnw_subseq_891	1
nb7	tnw_subseq_892	1
nb7	tnw_subseq_893	1
nb7	tnw_subseq_894	1
nb7	tnw_subseq_895	1
nb7	tnw_subseq_896	1
nb7	tnw_subseq_897	1
nb7	tnw_subseq_898	1
nb7	tnw_subseq_899	1
nb7	tnw_subseq_900	1
nb7	tnw_subseq_901	1
nb7	tnw_subseq_902	1
nb7	tnw_subseq_903	1
nb7	tnw_subseq_904	1
nb7	tnw_subseq_905	1
nb7	tnw_subseq_906	1
nb7	tnw_subseq_907	1
nb7	tnw_subseq_908	1
nb7	tnw_subseq_909	1
nb7	tnw_subseq_910	1
nb7	tnw_subseq_911	1
nb7	tnw_subseq_912	1
nb7	tnw_subseq_913	1
nb7	tnw_subseq_914	1
nb7	tnw_subseq_915	1
nb7	tnw_subseq_916	1
nb7	tnw_subseq_917	1
nb7	tnw_subseq_918	1
nb7	tnw_subseq_919	1
nb7	tnw_subseq_920	1
nb7	tnw_subseq_921	1
nb7	tnw_subseq_922	1
nb7	tnw_subseq_923	1
nb7	tnw_subseq_924	1
nb7	tnw_subseq_925	1
nb7	tnw_subseq_926	1
nb7	tnw_subseq_927	1
nb7	tnw_subseq_928	1
nb7	tnw_subseq_929	1
nb7	tnw_subseq_930	1
nb7	tnw_subseq_931	1
nb7	tnw_subseq_932	1
nb7	tnw_subseq_933	1
nb7	tnw_subseq_934	1
nb7	tnw_subseq_935	1
nb7	tnw_subseq_936	1
nb7	tnw_subseq_937	1
nb7	tnw_subseq_938	1
nb7	tnw_subseq_939	1
nb7	tnw_subseq_940	1
nb7	tnw_subseq_941	1
nb7	tnw_subseq_942	1
nb7	tnw_subseq_943	1
nb7	tnw_subseq_944	1
nb7	tnw_subseq_945	1
nb7	tnw_subseq_946	1
nb7	tnw_subseq_947	1
nb7	tnw_subseq_948	1
nb7	tnw_subseq_949	1
nb7	tnw_subseq_950	1
nb7	tnw_subseq_951	1
nb7	tnw_subseq_952	1
nb7	tnw_subseq_953	1
nb7	tnw_subseq_954	1
nb7	tnw_subseq_955	1
nb7	tnw_subseq_956	1
nb7	tnw_subseq_957	1
nb7	tnw_subseq_958	1
nb7	tnw_subseq_959	1
nb7	tnw_subseq_960	1
nb7	tnw_subseq_961	1
nb7	tnw_subseq_962	1
nb7	tnw_subseq_963	1
nb7	tnw_subseq_964	1
nb7	tnw_subseq_965	1
nb7	tnw_subseq_966	1
nb7	tnw_subseq_967	1
nb7	tnw_subseq_968	1
nb7	tnw_subseq_969	1
nb7	tnw_subseq_970	1
nb7	tnw_subseq_971	1
nb7	tnw_subseq_972	1
nb7	tnw_subseq_973	1
nb7	tnw_subseq_974	1
nb7	tnw_subseq_975	1
nb7	tnw_subseq_976	1
nb7	tnw_subseq_977	1
nb7	tnw_subseq_978	1
nb7	tnw_subseq_979	1
nb7	tnw_subseq_980	1
nb7	tnw_subseq_981	1
nb7	tnw_subseq_982	1
nb7	tnw_subseq_983	1
nb7	tnw_subseq_984	1
nb7	tnw_subseq_985	1
nb7	tnw_subseq_986	1
nb7	tnw_subseq_987	1
nb7	tnw_subseq_988	1
nb7	tnw_subseq_989	1
nb7	tnw_subseq_990	1
nb7	tnw_subseq_991	1
nb7	tnw_subseq_992	1
nb7	tnw_subseq_993	1
nb7	tnw_subseq_994	1
nb7	tnw_subseq_995	1
nb7	tnw_subseq_996	1
nb7	tnw_subseq_997	1
nb7	tnw_subseq_998	1
nb7	tnw_subseq_999	1
nb7	tnw_subseq_1000	1
nb7	tnw_subseq_1001	1
nb7	tnw_subseq_1002	1
nb7	tnw_subseq_1003	1
nb7	tnw_subseq_1004	1
nb7	tnw_subseq_1005	1
nb7	tnw_subseq_1006	1
nb7	tnw_subseq_1007	1
nb7	tnw_subseq_1008	1
nb7	tnw_subseq_1009	1
nb7	tnw_subseq_1010	1
nb7	tnw_subseq_1011	1
nb7	tnw_subseq_1012	1
nb7	tnw_subseq_1013	1
nb7	tnw_subseq_1014	1
nb7	tnw_subseq_1015	1
nb7	tnw_subseq_1016	1
nb7	tnw_subseq_1017	1
nb7	tnw_subseq_1018	1
nb7	tnw_subseq_1019	1
nb7	tnw_subseq_1020	1
nb7	tnw_subseq_1021	1
nb7	tnw_subseq_1022	1
nb7	tnw_subseq_1023	1
nb7	tnw_subseq_1024	1
nb7	tnw_subseq_1025	1
nb7	tnw_subseq_1026	1
nb7	tnw_subseq_1027	1
nb7	tnw_subseq_1028	1
nb7	tnw_subseq_1029	1
nb7	tnw_subseq_1030	1
nb7	tnw_subseq_1031	1
nb7	tnw_subseq_1032	1
nb7	tnw_subseq_1033	1
nb7	tnw_subseq_1034	1
nb7	tnw_subseq_1035	1
nb7	tnw_subseq_1036	1
nb7	tnw_subseq_1037	1
nb7	tnw_subseq_1038	1
nb7	tnw_subseq_1039	1
nb7	tnw_subseq_1040	1
nb7	tnw_subseq_1041	1
nb7	tnw_subseq_1042	1
nb7	tnw_subseq_1043	1
nb7	tnw_subseq_1044	1
nb7	tnw_subseq_1045	1
nb7	tnw_subseq_1046	1
nb7	tnw_subseq_1047	1
nb7	tnw_subseq_1048	1
nb7	tnw_subseq_1049	1
nb7	tnw_subseq_1050	1
nb7	tnw_subseq_1051	1
nb7	tnw_subseq_1052	1
nb7	tnw_subseq_1053	1
nb7	tnw_subseq_1054	1
nb7	tnw_subseq_1055	1
nb7	tnw_subseq_1056	1
nb7	tnw_subseq_1057	1
nb7	tnw_subseq_1058	1
nb7	tnw_subseq_1059	1
nb7	tnw_subseq_1060	1
nb7	tnw_subseq_1061	1
nb7	tnw_subseq_1062	1
nb7	tnw_subseq_1063	1
nb7	tnw_subseq_1064	1
nb7	tnw_subseq_1065	1
nb7	tnw_subseq_1066	1
nb7	tnw_subseq_1067	1
nb7	tnw_subseq_1068	1
nb7	tnw_subseq_1069	1
nb7	tnw_subseq_1070	1
nb7	tnw_subseq_1071	1
nb7	tnw_subseq_1072	1
nb7	tnw_subseq_1073	1
nb7	tnw_subseq_1074	1
nb7	tnw_subseq_1075	1
nb7	tnw_subseq_1076	1
nb7	tnw_subseq_1077	1
nb7	tnw_subseq_1078	1
nb7	tnw_subseq_1079	1
nb7	tnw_subseq_1080	1
nb7	tnw_subseq_1081	1
nb7	tnw_subseq_1082	1
nb7	tnw_subseq_1083	1
nb7	tnw_subseq_1084	1
nb7	tnw_subseq_1085	1
nb7	tnw_subseq_1086	1
nb7	tnw_subseq_1087	1
nb7	tnw_subseq_1088	1
nb7	tnw_subseq_1089	1
nb7	tnw_subseq_1090	1
nb7	tnw_subseq_1091	1
nb7	tnw_subseq_1092	1
nb7	tnw_subseq_1093	1
nb7	tnw_subseq_1094	1
nb7	tnw_subseq_1095	1
nb7	tnw_subseq_1096	1
nb7	tnw_subseq_1097	1
nb7	tnw_subseq_1098	1
nb7	tnw_subseq_1099	1
nb7	tnw_subseq_1100	1
nb7	tnw_subseq_1101	1
nb7	tnw_subseq_1102	1
nb7	tnw_subseq_1103	1
nb7	tnw_subseq_1104	1
nb7	tnw_subseq_1105	1
nb7	tnw_subseq_1106	1
nb7	tnw_subseq_1107	1
nb7	tnw_subseq_1108	1
nb7	tnw_subseq_1109	1
nb7	tnw_subseq_1110	1
nb7	tnw_subseq_1111	1
nb7	tnw_subseq_1112	1
nb7	tnw_subseq_1113	1
nb7	tnw_subseq_1114	1
nb7	tnw_subseq_1115	1
nb7	tnw_subseq_1116	1
nb7	tnw_subseq_1117	1
nb7	tnw_subseq_1118	1
nb7	tnw_subseq_1119	1
nb7	tnw_subseq_1120	1
nb7	tnw_subseq_1121	1
nb7	tnw_subseq_1122	1
nb7	tnw_subseq_1123	1
nb7	tnw_subseq_1124	1
nb7	tnw_subseq_1125	1
nb7	tnw_subseq_1126	1
nb7	tnw_subseq_1127	1
nb7	tnw_subseq_1128	1
nb7	tnw_subseq_1129	1
nb7	tnw_subseq_1130	1
nb7	tnw_subseq_1131	1
nb7	tnw_subseq_1132	1
nb7	tnw_subseq_1133	1
nb7	tnw_subseq_1134	1
nb7	tnw_subseq_1135	1
nb7	tnw_subseq_1136	1
nb7	tnw_subseq_1137	1
nb7	tnw_subseq_1138	1
nb7	tnw_subseq_1139	1
nb7	tnw_subseq_1140	1
nb7	tnw_subseq_1141	1
nb7	tnw_subseq_1142	1
nb7	tnw_subseq_1143	1
nb7	tnw_subseq_1144	1
nb7	tnw_subseq_1145	1
nb7	tnw_subseq_1146	1
nb7	tnw_subseq_1147	1
nb7	tnw_subseq_1148	1
nb7	tnw_subseq_1149	1
nb7	tnw_subseq_1150	1
nb7	tnw_subseq_1151	1
nb7	tnw_subseq_1152	1
nb7	tnw_subseq_1153	1
nb7	tnw_subseq_1154	1
nb7	tnw_subseq_1155	1
nb7	tnw_subseq_1156	1
nb7	tnw_subseq_1157	1
nb7	tnw_subseq_1158	1
nb7	tnw_subseq_1159	1
nb7	tnw_subseq_1160	1
nb7	tnw_subseq_1161	1
nb7	tnw_subseq_1162	1
nb7	tnw_subseq_1163	1
nb7	tnw_subseq_1164	1
nb7	tnw_subseq_1165	1
nb7	tnw_subseq_1166	1
nb7	tnw_subseq_1167	1
nb7	tnw_subseq_1168	1
nb7	tnw_subseq_1169	1
nb7	tnw_subseq_1170	1
nb7	tnw_subseq_1171	1
nb7	tnw_subseq_1172	1
nb7	tnw_subseq_1173	1
nb7	tnw_subseq_1174	1
nb7	tnw_subseq_1175	1
nb7	tnw_subseq_1176	1
nb7	tnw_subseq_1177	1
nb7	tnw_subseq_1178	1
nb7	tnw_subseq_1179	1
nb7	tnw_subseq_1180	1
nb7	tnw_subseq_1181	1
nb7	tnw_subseq_1182	1
nb7	tnw_subseq_1183	1
nb7	tnw_subseq_1184	1
nb7	tnw_subseq_1185	1
nb7	tnw_subseq_1186	1
nb7	tnw_subseq_1187	1
nb7	tnw_subseq_1188	1
nb7	tnw_subseq_1189	1
nb7	tnw_subseq_1190	1
nb7	tnw_subseq_1191	1
nb7	tnw_subseq_1192	1
nb7	tnw_subseq_1193	1
nb7	tnw_subseq_1194	1
nb7	tnw_subseq_1195	1
nb7	tnw_subseq_1196	1
nb7	tnw_subseq_1197	1
nb7	tnw_subseq_1198	1
nb7	tnw_subseq_1199	1
nb7	tnw_subseq_1200	1
nb7	tnw_subseq_1201	1
nb7	tnw_subseq_1202	1
nb7	tnw_subseq_1203	1
nb7	tnw_subseq_1204	1
nb7	tnw_subseq_1205	1
nb7	tnw_subseq_1206	1
nb7	tnw_subseq_1207	1
nb7	tnw_subseq_1208	1
nb7	tnw_subseq_1209	1
nb7	tnw_subseq_1210	1
nb7	tnw_subseq_1211	1
nb7	tnw_subseq_1212	1
nb7	tnw_subseq_1213	1
nb7	tnw_subseq_1214	1
nb7	tnw_subseq_1215	1
nb7	tnw_subseq_1216	1
nb7	tnw_subseq_1217	1
nb7	tnw_subseq_1218	1
nb7	tnw_subseq_1219	1
nb7	tnw_subseq_1220	1
nb7	tnw_subseq_1221	1
nb7	tnw_subseq_1222	1
nb7	tnw_subseq_1223	1
nb7	tnw_subseq_1224	1
nb7	tnw_subseq_1225	1
nb7	tnw_subseq_1226	1
nb7	tnw_subseq_1227	1
nb7	tnw_subseq_1228	1
nb7	tnw_subseq_1229	1
nb7	tnw_subseq_1230	1
nb7	tnw_subseq_1231	1
nb7	tnw_subseq_1232	1
nb7	tnw_subseq_1233	1
nb7	tnw_subseq_1234	1
nb7	tnw_subseq_1235	1
nb7	tnw_subseq_1236	1
nb7	tnw_subseq_1237	1
nb7	tnw_subseq_1238	1
nb7	tnw_subseq_1239	1
nb7	tnw_subseq_1240	1
nb7	tnw_subseq_1241	1
nb7	tnw_subseq_1242	1
nb7	tnw_subseq_1243	1
nb7	tnw_subseq_1244	1
nb7	tnw_subseq_1245	1
nb7	tnw_subseq_1246	1
nb7	tnw_subseq_1247	1
nb7	tnw_subseq_1248	1
nb7	tnw_subseq_1249	1
nb7	tnw_subseq_1250	1
nb7	tnw_subseq_1251	1
nb7	tnw_subseq_1252	1
nb7	tnw_subseq_1253	1
nb7	tnw_subseq_1254	1
nb7	tnw_subseq_1255	1
nb7	tnw_subseq_1256	1
nb7	tnw_subseq_1257	1
nb7	tnw_subseq_1258	1
nb7	tnw_subseq_1259	1
nb7	tnw_subseq_1260	1
nb7	tnw_subseq_1261	1
nb7	tnw_subseq_1262	1
nb7	tnw_subseq_1263	1
nb7	tnw_subseq_1264	1
nb7	tnw_subseq_1265	1
nb7	tnw_subseq_1266	1
nb7	tnw_subseq_1267	1
nb7	tnw_subseq_1268	1
nb7	tnw_subseq_1269	1
nb7	tnw_subseq_1270	1
nb7	tnw_subseq_1271	1
nb7	tnw_subseq_1272	1
nb7	tnw_subseq_1273	1
nb7	tnw_subseq_1274	1
nb7	tnw_subseq_1275	1
nb7	tnw_subseq_1276	1
nb7	tnw_subseq_1277	1
nb7	tnw_subseq_1278	1
nb7	tnw_subseq_1279	1
nb7	tnw_subseq_1280	1
nb7	tnw_subseq_1281	1
nb7	tnw_subseq_1282	1
nb7	tnw_subseq_1283	1
nb7	tnw_subseq_1284	1
nb7	tnw_subseq_1285	1
nb7	tnw_subseq_1286	1
nb7	tnw_subseq_1287	1
nb7	tnw_subseq_1288	1
